序号,编码
120001,YMAGM4
120002,IWYUUS
120003,OUDF9E
120004,5EXY6Y
120005,1A8TPZ
120006,85TA9H
120007,60RUDQ
120008,467B3F
120009,LBWOYM
120010,KP7RJZ
120011,TOFAR1
120012,0M6C4W
120013,PG03KM
120014,SFWH3F
120015,INB1B5
120016,2P0DJV
120017,ACA922
120018,UJPZAH
120019,5GDPP0
120020,MKLUDW
120021,M01UPL
120022,6HSM0M
120023,R0P9DI
120024,Z4ODU2
120025,E9HVWC
120026,M1WN7E
120027,QQHOB0
120028,4GT2JW
120029,6IUOPI
120030,U8EEFR
120031,BWNOIN
120032,F08YXQ
120033,920K8C
120034,QYNXH7
120035,JPYBUJ
120036,GYX6OX
120037,94658J
120038,533DY4
120039,Z0DWWR
120040,PS5F36
120041,VFS0G1
120042,8A81S7
120043,GTTATA
120044,24BBZW
120045,SDK7HH
120046,GJCXC5
120047,ZBXJ64
120048,U0T5NI
120049,DH5ZFZ
120050,X57YJA
120051,HAD2SK
120052,HAQ75Y
120053,IH10JJ
120054,PDBMS4
120055,X5Y3CD
120056,ATZX98
120057,IPN5X4
120058,8D9TU6
120059,Z0TYZ5
120060,TNRLTM
120061,W8MI1L
120062,FF0CWT
120063,APJUV8
120064,6V5XOY
120065,OBMN4M
120066,QX5I19
120067,BKSP34
120068,EO71EK
120069,QF5JWR
120070,E0KQFK
120071,5KHRKU
120072,R4K173
120073,74S06R
120074,7W9KN6
120075,X80CFH
120076,62564T
120077,QTCMUQ
120078,HG8DS7
120079,UGRWJS
120080,LJB3DD
120081,FLCNN2
120082,204UCE
120083,ELIDJ2
120084,QT4734
120085,7QQAEX
120086,WMSQVX
120087,FDCYYQ
120088,BKPHNA
120089,67JD7D
120090,QX4SJY
120091,2LVCX7
120092,7HIXHM
120093,RCNMC9
120094,4AO746
120095,ZS4S6W
120096,5FMZED
120097,7WK7FT
120098,SFURZ3
120099,47386F
120100,O1KQ5U
120101,P84I1F
120102,B7MGY5
120103,KNUFG8
120104,Y4R42H
120105,1YAA18
120106,J3JBI1
120107,DGARWD
120108,IXE5BW
120109,96JUN6
120110,BYCNXX
120111,Q6GCFG
120112,MQCGPI
120113,D10SI4
120114,RMITTF
120115,XJ6T2D
120116,KIQSCR
120117,01QNHA
120118,C3D997
120119,7JOJYT
120120,230X93
120121,QTHSG8
120122,QQ0O3Z
120123,S83ITS
120124,KTAW8U
120125,MA1CSL
120126,U5ATXW
120127,8K1UYT
120128,U3IERF
120129,CR9GJY
120130,KMLVJR
120131,KLZBYK
120132,0Q2C7P
120133,3J8PYX
120134,8HXWW8
120135,SZL9FH
120136,UP04VC
120137,2S2R9W
120138,KJ7NE5
120139,B0X3I9
120140,EM0QGZ
120141,5IKEK3
120142,5CG7TK
120143,BNV3VX
120144,GB5Z13
120145,13R0C2
120146,W0ZR0T
120147,H70B1I
120148,B7FYEB
120149,RAEL28
120150,7RRP3M
120151,8P4I8N
120152,167ULW
120153,7ASHUZ
120154,J7ULWV
120155,727AWK
120156,R618O6
120157,B5NUAL
120158,R5SRBL
120159,KVBKF9
120160,9VN028
120161,JMMHBI
120162,0SOY00
120163,8MWN7J
120164,N460SZ
120165,3JDMD7
120166,YBVBYO
120167,YOHOHU
120168,TRWLQS
120169,JCQRIB
120170,312C15
120171,0NWB47
120172,JA7O58
120173,ZQ280H
120174,G8SL4F
120175,5APC68
120176,72JDOA
120177,6OAR3Q
120178,SZ2EO6
120179,II93J0
120180,VWE45W
120181,A7ZOHY
120182,HQXV1T
120183,XFTDAI
120184,E8W8R5
120185,BI1EWM
120186,76FJBK
120187,6QOFGN
120188,S42ETU
120189,NM1ZT8
120190,UB5F4W
120191,N1D3SP
120192,I12WFF
120193,L30I85
120194,EMRT6P
120195,CF3CYJ
120196,O48DWT
120197,SP01DX
120198,DYCBRY
120199,3DW7DS
120200,D2SO9F
